일별,캠페인유형,캠페인,"총비용(VAT포함,원)"
2023.11.01.,파워링크,V_00. 파워링크브랜드(삭제),572
2023.11.01.,쇼핑검색,[미사용] U_01. 쇼핑브랜드(층간소음)(삭제),"13,299"
2023.11.01.,쇼핑검색,[미사용] S_02.퍼즐매트_01.메인(삭제),"68,475"
2023.11.02.,쇼핑검색,[미사용] U_01. 쇼핑브랜드(층간소음)(삭제),"48,554"
2023.11.02.,쇼핑검색,[미사용] U_03. 쇼핑브랜드(단열벽지)(삭제),990
2023.11.02.,쇼핑검색,[미사용] S_02.퍼즐매트_01.메인(삭제),"56,254"
2023.11.03.,파워링크,V_00. 파워링크브랜드(삭제),836
2023.11.03.,파워링크,T_05.TPU매트_스마트(삭제),528
2023.11.03.,쇼핑검색,[미사용] U_01. 쇼핑브랜드(층간소음)(삭제),"14,014"
2023.11.03.,쇼핑검색,[미사용] U_02. 쇼핑브랜드(애견)(삭제),"2,651"
2023.11.03.,쇼핑검색,[미사용] U_03. 쇼핑브랜드(단열벽지)(삭제),"1,320"
2023.11.03.,쇼핑검색,[미사용] S_02.퍼즐매트_01.메인(삭제),"64,009"
2023.11.03.,쇼핑검색,[미사용] S_03.애견매트(삭제),"97,713"
2023.11.04.,쇼핑검색,[미사용] U_01. 쇼핑브랜드(층간소음)(삭제),"47,696"
2023.11.04.,쇼핑검색,[미사용] U_02. 쇼핑브랜드(애견)(삭제),"10,604"
2023.11.04.,쇼핑검색,[미사용] U_03. 쇼핑브랜드(단열벽지)(삭제),660
2023.11.04.,쇼핑검색,[미사용] S_02.퍼즐매트_01.메인(삭제),"62,634"
2023.11.04.,쇼핑검색,[미사용] S_03.애견매트(삭제),"98,109"
2023.11.05.,파워링크,V_00. 파워링크브랜드(삭제),132
2023.11.05.,쇼핑검색,[미사용] U_01. 쇼핑브랜드(층간소음)(삭제),"49,984"
2023.11.05.,쇼핑검색,[미사용] U_03. 쇼핑브랜드(단열벽지)(삭제),"1,320"
2023.11.05.,쇼핑검색,[미사용] S_02.퍼즐매트_01.메인(삭제),"71,511"
2023.11.05.,쇼핑검색,[미사용] S_03.애견매트(삭제),"98,362"
2023.11.06.,파워링크,V_00. 파워링크브랜드(삭제),660
2023.11.06.,파워링크,T_05.TPU매트_스마트(삭제),"6,292"
2023.11.06.,쇼핑검색,[미사용] U_01. 쇼핑브랜드(층간소음)(삭제),"50,589"
2023.11.06.,쇼핑검색,[미사용] U_02. 쇼핑브랜드(애견)(삭제),"5,632"
2023.11.06.,쇼핑검색,[미사용] U_03. 쇼핑브랜드(단열벽지)(삭제),"1,320"
2023.11.06.,쇼핑검색,[미사용] S_02.퍼즐매트_01.메인(삭제),"74,008"
2023.11.06.,쇼핑검색,[미사용] S_03.애견매트(삭제),"106,755"
2023.11.07.,파워링크,T_05.TPU매트_스마트(삭제),"6,336"
2023.11.07.,쇼핑검색,[미사용] U_01. 쇼핑브랜드(층간소음)(삭제),"47,993"
2023.11.07.,쇼핑검색,[미사용] U_02. 쇼핑브랜드(애견)(삭제),"2,981"
2023.11.07.,쇼핑검색,[미사용] U_03. 쇼핑브랜드(단열벽지)(삭제),"1,650"
2023.11.07.,쇼핑검색,[미사용] S_02.퍼즐매트_01.메인(삭제),"132,517"
2023.11.07.,쇼핑검색,[미사용] S_03.애견매트(삭제),"17,798"
2023.11.08.,파워링크,T_05.TPU매트_스마트(삭제),"7,953"
2023.11.08.,쇼핑검색,[미사용] U_01. 쇼핑브랜드(층간소음)(삭제),"51,315"
2023.11.08.,쇼핑검색,[미사용] U_03. 쇼핑브랜드(단열벽지)(삭제),"2,310"
2023.11.08.,쇼핑검색,[미사용] S_02.퍼즐매트_01.메인(삭제),"202,961"
2023.11.09.,파워링크,V_00. 파워링크브랜드(삭제),605
2023.11.09.,파워링크,T_05.TPU매트_스마트(삭제),"5,500"
2023.11.09.,쇼핑검색,[미사용] U_01. 쇼핑브랜드(층간소음)(삭제),"10,582"
2023.11.09.,쇼핑검색,[미사용] U_02. 쇼핑브랜드(애견)(삭제),330
2023.11.09.,쇼핑검색,[미사용] U_03. 쇼핑브랜드(단열벽지)(삭제),330
2023.11.09.,쇼핑검색,[미사용] S_02.퍼즐매트_01.메인(삭제),"208,340"
2023.11.10.,파워링크,T_05.TPU매트_스마트(삭제),"10,802"
2023.11.10.,쇼핑검색,[미사용] U_01. 쇼핑브랜드(층간소음)(삭제),"34,804"
2023.11.10.,쇼핑검색,[미사용] U_03. 쇼핑브랜드(단열벽지)(삭제),990
2023.11.10.,쇼핑검색,[미사용] S_02.퍼즐매트_01.메인(삭제),"177,892"
2023.11.11.,쇼핑검색,[미사용] U_01. 쇼핑브랜드(층간소음)(삭제),"39,919"
2023.11.11.,쇼핑검색,[미사용] U_03. 쇼핑브랜드(단열벽지)(삭제),"1,320"
2023.11.11.,쇼핑검색,[미사용] S_01.롤매트(삭제),"56,793"
2023.11.11.,쇼핑검색,[미사용] S_02.퍼즐매트_01.메인(삭제),"181,247"
2023.11.12.,파워링크,V_00. 파워링크브랜드(삭제),242
2023.11.12.,쇼핑검색,[미사용] U_01. 쇼핑브랜드(층간소음)(삭제),"35,585"
2023.11.12.,쇼핑검색,[미사용] U_02. 쇼핑브랜드(애견)(삭제),"5,302"
2023.11.12.,쇼핑검색,[미사용] U_03. 쇼핑브랜드(단열벽지)(삭제),"2,640"
2023.11.12.,쇼핑검색,[미사용] S_02.퍼즐매트_01.메인(삭제),"168,476"
2023.11.13.,파워링크,V_00. 파워링크브랜드(삭제),242
2023.11.13.,파워링크,T_05.TPU매트_스마트(삭제),"12,331"
2023.11.13.,쇼핑검색,[미사용] U_01. 쇼핑브랜드(층간소음)(삭제),"41,404"
2023.11.13.,쇼핑검색,[미사용] U_03. 쇼핑브랜드(단열벽지)(삭제),"1,980"
2023.11.13.,쇼핑검색,[미사용] S_02.퍼즐매트_01.메인(삭제),"135,311"
2023.11.14.,파워링크,V_00. 파워링크브랜드(삭제),506
2023.11.14.,파워링크,T_05.TPU매트_스마트(삭제),"11,242"
2023.11.14.,쇼핑검색,[미사용] U_01. 쇼핑브랜드(층간소음)(삭제),"47,212"
2023.11.14.,쇼핑검색,[미사용] U_02. 쇼핑브랜드(애견)(삭제),"25,520"
2023.11.14.,쇼핑검색,[미사용] U_03. 쇼핑브랜드(단열벽지)(삭제),"2,310"
2023.11.14.,쇼핑검색,[미사용] S_02.퍼즐매트_01.메인(삭제),"128,161"
2023.11.15.,파워링크,T_05.TPU매트_스마트(삭제),"10,714"
2023.11.15.,쇼핑검색,[미사용] U_01. 쇼핑브랜드(층간소음)(삭제),"22,847"
2023.11.15.,쇼핑검색,[미사용] U_02. 쇼핑브랜드(애견)(삭제),"13,629"
2023.11.15.,쇼핑검색,[미사용] U_03. 쇼핑브랜드(단열벽지)(삭제),"1,980"
2023.11.15.,쇼핑검색,[미사용] S_02.퍼즐매트_01.메인(삭제),"114,752"
2023.11.16.,파워링크,V_00. 파워링크브랜드(삭제),649
2023.11.16.,파워링크,T_05.TPU매트_스마트(삭제),"21,714"
2023.11.16.,파워링크,T_08.아트론(삭제),"6,105"
2023.11.16.,쇼핑검색,[미사용] U_01. 쇼핑브랜드(층간소음)(삭제),"25,883"
2023.11.16.,쇼핑검색,[미사용] U_02. 쇼핑브랜드(애견)(삭제),"17,567"
2023.11.16.,쇼핑검색,[미사용] U_03. 쇼핑브랜드(단열벽지)(삭제),990
2023.11.16.,쇼핑검색,[미사용] S_02.퍼즐매트_01.메인(삭제),"139,194"
2023.11.16.,쇼핑검색,[미사용] S_03.애견매트(삭제),"51,590"
2023.11.17.,파워링크,V_00. 파워링크브랜드(삭제),"1,166"
2023.11.17.,파워링크,T_05.TPU매트_스마트(삭제),"18,777"
2023.11.17.,파워링크,T_08.아트론(삭제),"6,512"
2023.11.17.,쇼핑검색,[미사용] U_01. 쇼핑브랜드(층간소음)(삭제),"46,112"
2023.11.17.,쇼핑검색,[미사용] U_02. 쇼핑브랜드(애견)(삭제),"5,632"
2023.11.17.,쇼핑검색,[미사용] U_03. 쇼핑브랜드(단열벽지)(삭제),660
2023.11.17.,쇼핑검색,[미사용] S_02.퍼즐매트_01.메인(삭제),"127,875"
2023.11.17.,쇼핑검색,[미사용] S_03.애견매트(삭제),"48,972"
2023.11.18.,파워링크,V_00. 파워링크브랜드(삭제),462
2023.11.18.,쇼핑검색,[미사용] U_01. 쇼핑브랜드(층간소음)(삭제),"52,118"
2023.11.18.,쇼핑검색,[미사용] U_02. 쇼핑브랜드(애견)(삭제),"5,302"
2023.11.18.,쇼핑검색,[미사용] U_03. 쇼핑브랜드(단열벽지)(삭제),990
2023.11.18.,쇼핑검색,[미사용] S_02.퍼즐매트_01.메인(삭제),"134,728"
2023.11.18.,쇼핑검색,[미사용] S_03.애견매트(삭제),"54,054"
2023.11.19.,파워링크,V_00. 파워링크브랜드(삭제),462
2023.11.19.,쇼핑검색,[미사용] U_01. 쇼핑브랜드(층간소음)(삭제),"52,514"
2023.11.19.,쇼핑검색,[미사용] U_03. 쇼핑브랜드(단열벽지)(삭제),990
2023.11.19.,쇼핑검색,[미사용] S_02.퍼즐매트_01.메인(삭제),"127,512"
2023.11.19.,쇼핑검색,[미사용] S_03.애견매트(삭제),"57,332"
2023.11.20.,파워링크,T_05.TPU매트_스마트(삭제),"8,195"
2023.11.20.,파워링크,T_08.아트론(삭제),"1,694"
2023.11.20.,쇼핑검색,[미사용] U_01. 쇼핑브랜드(층간소음)(삭제),"54,230"
2023.11.20.,쇼핑검색,[미사용] U_02. 쇼핑브랜드(애견)(삭제),"33,638"
2023.11.20.,쇼핑검색,[미사용] U_03. 쇼핑브랜드(단열벽지)(삭제),"1,650"
2023.11.20.,쇼핑검색,[미사용] S_02.퍼즐매트_01.메인(삭제),"48,576"
2023.11.20.,쇼핑검색,[미사용] S_03.애견매트(삭제),"50,655"
2023.11.21.,파워링크,T_05.TPU매트_스마트(삭제),"2,706"
2023.11.21.,파워링크,T_08.아트론(삭제),"6,061"
2023.11.21.,쇼핑검색,[미사용] U_01. 쇼핑브랜드(층간소음)(삭제),"48,510"
2023.11.21.,쇼핑검색,[미사용] U_02. 쇼핑브랜드(애견)(삭제),"36,960"
2023.11.21.,쇼핑검색,[미사용] U_03. 쇼핑브랜드(단열벽지)(삭제),"1,320"
2023.11.21.,쇼핑검색,[미사용] S_03.애견매트(삭제),"54,659"
2023.11.22.,파워링크,T_05.TPU매트_스마트(삭제),"5,489"
2023.11.22.,파워링크,T_08.아트론(삭제),"4,290"
2023.11.22.,쇼핑검색,[미사용] U_01. 쇼핑브랜드(층간소음)(삭제),"50,611"
2023.11.22.,쇼핑검색,[미사용] U_02. 쇼핑브랜드(애견)(삭제),"19,338"
2023.11.22.,쇼핑검색,[미사용] U_03. 쇼핑브랜드(단열벽지)(삭제),660
2023.11.22.,쇼핑검색,[미사용] S_03.애견매트(삭제),"46,772"
2023.11.23.,파워링크,T_05.TPU매트_스마트(삭제),"1,639"
2023.11.23.,파워링크,T_08.아트론(삭제),"4,554"
2023.11.23.,쇼핑검색,[미사용] U_01. 쇼핑브랜드(층간소음)(삭제),"55,693"
2023.11.23.,쇼핑검색,[미사용] U_02. 쇼핑브랜드(애견)(삭제),"34,254"
2023.11.23.,쇼핑검색,[미사용] U_03. 쇼핑브랜드(단열벽지)(삭제),990
2023.11.23.,쇼핑검색,[미사용] S_02.퍼즐매트_01.메인(삭제),"119,504"
2023.11.23.,쇼핑검색,[미사용] S_03.애견매트(삭제),"46,662"
2023.11.24.,파워링크,V_00. 파워링크브랜드(삭제),594
2023.11.24.,파워링크,T_05.TPU매트_스마트(삭제),"11,748"
2023.11.24.,파워링크,T_08.아트론(삭제),"8,888"
2023.11.24.,쇼핑검색,[미사용] U_01. 쇼핑브랜드(층간소음)(삭제),"47,773"
2023.11.24.,쇼핑검색,[미사용] U_02. 쇼핑브랜드(애견)(삭제),"16,676"
2023.11.24.,쇼핑검색,[미사용] U_03. 쇼핑브랜드(단열벽지)(삭제),"1,320"
2023.11.24.,쇼핑검색,[미사용] S_02.퍼즐매트_01.메인(삭제),"135,025"
2023.11.24.,쇼핑검색,[미사용] S_03.애견매트(삭제),"52,580"
2023.11.25.,쇼핑검색,[미사용] U_01. 쇼핑브랜드(층간소음)(삭제),"48,323"
2023.11.25.,쇼핑검색,[미사용] U_02. 쇼핑브랜드(애견)(삭제),"41,635"
2023.11.25.,쇼핑검색,[미사용] U_03. 쇼핑브랜드(단열벽지)(삭제),"2,310"
2023.11.25.,쇼핑검색,[미사용] S_02.퍼즐매트_01.메인(삭제),"130,350"
2023.11.25.,쇼핑검색,[미사용] S_03.애견매트(삭제),"51,359"
2023.11.26.,파워링크,V_00. 파워링크브랜드(삭제),231
2023.11.26.,쇼핑검색,[미사용] U_01. 쇼핑브랜드(층간소음)(삭제),"51,051"
2023.11.26.,쇼핑검색,[미사용] U_02. 쇼핑브랜드(애견)(삭제),"36,938"
2023.11.26.,쇼핑검색,[미사용] U_03. 쇼핑브랜드(단열벽지)(삭제),"2,310"
2023.11.26.,쇼핑검색,[미사용] S_02.퍼즐매트_01.메인(삭제),"135,905"
2023.11.26.,쇼핑검색,[미사용] S_03.애견매트(삭제),"55,748"
2023.11.27.,파워링크,V_00. 파워링크브랜드(삭제),264
2023.11.27.,파워링크,T_05.TPU매트_스마트(삭제),"7,656"
2023.11.27.,파워링크,T_08.아트론(삭제),"4,202"
2023.11.27.,쇼핑검색,[미사용] U_01. 쇼핑브랜드(층간소음)(삭제),"65,010"
2023.11.27.,쇼핑검색,[미사용] U_02. 쇼핑브랜드(애견)(삭제),"45,067"
2023.11.27.,쇼핑검색,[미사용] U_03. 쇼핑브랜드(단열벽지)(삭제),"2,970"
2023.11.27.,쇼핑검색,[미사용] S_02.퍼즐매트_01.메인(삭제),"63,668"
2023.11.27.,쇼핑검색,[미사용] S_03.애견매트(삭제),"54,197"
2023.11.28.,파워링크,V_00. 파워링크브랜드(삭제),396
2023.11.28.,파워링크,T_05.TPU매트_스마트(삭제),"12,034"
2023.11.28.,파워링크,T_08.아트론(삭제),"3,036"
2023.11.28.,쇼핑검색,[미사용] U_01. 쇼핑브랜드(층간소음)(삭제),"47,773"
2023.11.28.,쇼핑검색,[미사용] U_02. 쇼핑브랜드(애견)(삭제),"37,785"
2023.11.28.,쇼핑검색,[미사용] U_03. 쇼핑브랜드(단열벽지)(삭제),"2,310"
2023.11.28.,쇼핑검색,[미사용] S_03.애견매트(삭제),"123,475"
2023.11.29.,파워링크,V_00. 파워링크브랜드(삭제),781
2023.11.29.,파워링크,T_05.TPU매트_스마트(삭제),"7,040"
2023.11.29.,파워링크,T_08.아트론(삭제),"4,411"
2023.11.29.,쇼핑검색,[미사용] U_01. 쇼핑브랜드(층간소음)(삭제),"51,711"
2023.11.29.,쇼핑검색,[미사용] U_02. 쇼핑브랜드(애견)(삭제),"38,775"
2023.11.29.,쇼핑검색,[미사용] U_03. 쇼핑브랜드(단열벽지)(삭제),"1,980"
2023.11.29.,쇼핑검색,[미사용] S_03.애견매트(삭제),"117,403"
2023.11.30.,파워링크,V_00. 파워링크브랜드(삭제),748
2023.11.30.,파워링크,T_05.TPU매트_스마트(삭제),"10,978"
2023.11.30.,파워링크,T_08.아트론(삭제),"8,074"
2023.11.30.,쇼핑검색,[미사용] U_01. 쇼핑브랜드(층간소음)(삭제),"82,159"
2023.11.30.,쇼핑검색,[미사용] U_02. 쇼핑브랜드(애견)(삭제),"39,446"
2023.11.30.,쇼핑검색,[미사용] U_03. 쇼핑브랜드(단열벽지)(삭제),"1,650"
2023.11.30.,쇼핑검색,[미사용] S_03.애견매트(삭제),"130,273"
2023.12.01.,파워링크,V_00. 파워링크브랜드(삭제),814
2023.12.01.,파워링크,T_05.TPU매트_스마트(삭제),"2,706"
2023.12.01.,파워링크,T_08.아트론(삭제),"2,354"
2023.12.01.,쇼핑검색,[미사용] U_01. 쇼핑브랜드(층간소음)(삭제),"48,048"
2023.12.01.,쇼핑검색,[미사용] U_02. 쇼핑브랜드(애견)(삭제),"38,456"
2023.12.01.,쇼핑검색,[미사용] U_03. 쇼핑브랜드(단열벽지)(삭제),990
2023.12.01.,쇼핑검색,[미사용] S_03.애견매트(삭제),"131,208"
2023.12.02.,파워링크,V_00. 파워링크브랜드(삭제),154
2023.12.02.,쇼핑검색,[미사용] U_01. 쇼핑브랜드(층간소음)(삭제),"59,631"
2023.12.02.,쇼핑검색,[미사용] U_02. 쇼핑브랜드(애견)(삭제),"38,885"
2023.12.02.,쇼핑검색,[미사용] U_03. 쇼핑브랜드(단열벽지)(삭제),"1,320"
2023.12.02.,쇼핑검색,[미사용] S_03.애견매트(삭제),"128,579"
2023.12.03.,파워링크,V_00. 파워링크브랜드(삭제),176
2023.12.03.,쇼핑검색,[미사용] U_01. 쇼핑브랜드(층간소음)(삭제),"47,300"
2023.12.03.,쇼핑검색,[미사용] U_02. 쇼핑브랜드(애견)(삭제),"38,005"
2023.12.03.,쇼핑검색,[미사용] U_03. 쇼핑브랜드(단열벽지)(삭제),"1,980"
2023.12.03.,쇼핑검색,[미사용] S_03.애견매트(삭제),"127,424"
2023.12.04.,파워링크,V_00. 파워링크브랜드(삭제),550
2023.12.04.,파워링크,T_05.TPU매트_스마트(삭제),"16,115"
2023.12.04.,파워링크,T_08.아트론(삭제),"4,873"
2023.12.04.,쇼핑검색,[미사용] U_01. 쇼핑브랜드(층간소음)(삭제),"54,439"
2023.12.04.,쇼핑검색,[미사용] U_02. 쇼핑브랜드(애견)(삭제),"3,982"
2023.12.04.,쇼핑검색,[미사용] U_03. 쇼핑브랜드(단열벽지)(삭제),"2,640"
2023.12.04.,쇼핑검색,[미사용] S_02.퍼즐매트_01.메인(삭제),"76,340"
2023.12.04.,쇼핑검색,[미사용] S_03.애견매트(삭제),"12,265"
2023.12.05.,파워링크,V_00. 파워링크브랜드(삭제),660
2023.12.05.,파워링크,T_05.TPU매트_스마트(삭제),"7,689"
2023.12.05.,파워링크,T_08.아트론(삭제),"3,707"
2023.12.05.,쇼핑검색,[미사용] S_02.퍼즐매트_01.메인(삭제),"85,173"
2023.12.06.,파워링크,T_05.TPU매트_스마트(삭제),"3,190"
2023.12.06.,쇼핑검색,[미사용] S_02.퍼즐매트_01.메인(삭제),"82,082"
2023.12.07.,파워링크,V_00. 파워링크브랜드(삭제),198
2023.12.07.,파워링크,T_05.TPU매트_스마트(삭제),"3,850"
2023.12.07.,쇼핑검색,[미사용] S_02.퍼즐매트_01.메인(삭제),"75,229"
2023.12.08.,파워링크,V_00. 파워링크브랜드(삭제),660
2023.12.08.,파워링크,T_05.TPU매트_스마트(삭제),"14,575"
2023.12.08.,쇼핑검색,[미사용] S_02.퍼즐매트_01.메인(삭제),"14,839"
2023.12.09.,파워링크,V_00. 파워링크브랜드(삭제),319
2023.12.10.,파워링크,V_00. 파워링크브랜드(삭제),253
2023.12.11.,파워링크,V_00. 파워링크브랜드(삭제),286
2023.12.11.,파워링크,T_05.TPU매트_스마트(삭제),"9,328"
2023.12.12.,파워링크,V_00. 파워링크브랜드(삭제),418
2023.12.12.,파워링크,T_05.TPU매트_스마트(삭제),"11,341"
2023.12.13.,파워링크,V_00. 파워링크브랜드(삭제),572
2023.12.13.,파워링크,T_05.TPU매트_스마트(삭제),"12,023"
2023.12.14.,파워링크,V_00. 파워링크브랜드(삭제),198
2023.12.14.,파워링크,T_05.TPU매트_스마트(삭제),"9,119"
2023.12.15.,파워링크,T_05.TPU매트_스마트(삭제),"3,916"
2023.12.15.,쇼핑검색,[미사용] S_01.롤매트(삭제),"36,443"
2023.12.15.,쇼핑검색,[미사용] S_02.퍼즐매트_01.메인(삭제),"79,563"
2023.12.16.,파워링크,V_00. 파워링크브랜드(삭제),363
2023.12.16.,쇼핑검색,[미사용] S_01.롤매트(삭제),"45,749"
2023.12.16.,쇼핑검색,[미사용] S_02.퍼즐매트_01.메인(삭제),"33,539"
2023.12.17.,쇼핑검색,[미사용] S_01.롤매트(삭제),"67,826"
2023.12.17.,쇼핑검색,[미사용] S_02.퍼즐매트_01.메인(삭제),"80,256"
2023.12.18.,파워링크,T_05.TPU매트_스마트(삭제),"1,705"
2023.12.18.,쇼핑검색,[미사용] S_01.롤매트(삭제),"54,857"
2023.12.18.,쇼핑검색,[미사용] S_02.퍼즐매트_01.메인(삭제),"82,720"
2023.12.19.,파워링크,V_00. 파워링크브랜드(삭제),220
2023.12.19.,파워링크,T_05.TPU매트_스마트(삭제),"14,421"
2023.12.19.,쇼핑검색,[미사용] S_01.롤매트(삭제),"62,623"
2023.12.19.,쇼핑검색,[미사용] S_02.퍼즐매트_01.메인(삭제),"85,492"
2023.12.20.,파워링크,T_05.TPU매트_스마트(삭제),"12,276"
2023.12.20.,쇼핑검색,[미사용] S_01.롤매트(삭제),"50,721"
2023.12.20.,쇼핑검색,[미사용] S_02.퍼즐매트_01.메인(삭제),"87,197"
2023.12.21.,파워링크,V_00. 파워링크브랜드(삭제),"1,584"
2023.12.21.,파워링크,T_05.TPU매트_스마트(삭제),"45,562"
2023.12.21.,쇼핑검색,[미사용] S_01.롤매트(삭제),"56,826"
2023.12.21.,쇼핑검색,[미사용] S_02.퍼즐매트_01.메인(삭제),"63,679"
2023.12.22.,파워링크,V_00. 파워링크브랜드(삭제),"1,771"
2023.12.22.,파워링크,T_05.TPU매트_스마트(삭제),"52,118"
2023.12.22.,쇼핑검색,[미사용] S_01.롤매트(삭제),"196,757"
2023.12.22.,쇼핑검색,[미사용] S_02.퍼즐매트_01.메인(삭제),"57,332"
2023.12.23.,파워링크,V_00. 파워링크브랜드(삭제),792
2023.12.23.,쇼핑검색,[미사용] S_01.롤매트(삭제),"194,238"
2023.12.23.,쇼핑검색,[미사용] S_02.퍼즐매트_01.메인(삭제),"55,352"
2023.12.24.,파워링크,V_00. 파워링크브랜드(삭제),"1,430"
2023.12.24.,쇼핑검색,[미사용] S_01.롤매트(삭제),"180,565"
2023.12.24.,쇼핑검색,[미사용] S_02.퍼즐매트_01.메인(삭제),"74,349"
2023.12.25.,파워링크,V_00. 파워링크브랜드(삭제),"1,804"
2023.12.25.,파워링크,T_05.TPU매트_스마트(삭제),"55,198"
2023.12.25.,쇼핑검색,[미사용] S_01.롤매트(삭제),"113,850"
2023.12.25.,쇼핑검색,[미사용] S_02.퍼즐매트_01.메인(삭제),"15,840"
2023.12.26.,파워링크,V_00. 파워링크브랜드(삭제),"2,673"
2023.12.26.,파워링크,T_05.TPU매트_스마트(삭제),"48,719"
2023.12.26.,쇼핑검색,[미사용] S_01.롤매트(삭제),"66,396"
2023.12.27.,파워링크,V_00. 파워링크브랜드(삭제),583
2023.12.27.,파워링크,T_05.TPU매트_스마트(삭제),"51,480"
2023.12.28.,파워링크,V_00. 파워링크브랜드(삭제),330
2023.12.28.,파워링크,T_05.TPU매트_스마트(삭제),"47,498"
2023.12.29.,파워링크,V_00. 파워링크브랜드(삭제),715
2023.12.29.,파워링크,T_05.TPU매트_스마트(삭제),"54,032"
2023.12.30.,파워링크,V_00. 파워링크브랜드(삭제),473
2023.12.31.,파워링크,V_00. 파워링크브랜드(삭제),528
2024.01.01.,파워링크,V_00. 파워링크브랜드(삭제),847
2024.01.01.,파워링크,T_05.TPU매트_스마트(삭제),"49,951"
2024.01.02.,파워링크,V_00. 파워링크브랜드(삭제),891
2024.01.02.,파워링크,T_05.TPU매트_스마트(삭제),"47,432"
2024.01.03.,파워링크,V_00. 파워링크브랜드(삭제),616
2024.01.03.,파워링크,T_05.TPU매트_스마트(삭제),"45,133"
2024.01.04.,파워링크,V_00. 파워링크브랜드(삭제),"1,254"
2024.01.04.,파워링크,T_05.TPU매트_스마트(삭제),"54,450"
2024.01.05.,파워링크,T_05.TPU매트_스마트(삭제),"44,781"
2024.01.06.,파워링크,V_00. 파워링크브랜드(삭제),374
2024.01.07.,파워링크,V_00. 파워링크브랜드(삭제),110
2024.01.08.,파워링크,T_05.TPU매트_스마트(삭제),"52,965"
2024.01.09.,파워링크,V_00. 파워링크브랜드(삭제),363
2024.01.09.,파워링크,T_05.TPU매트_스마트(삭제),"46,992"
2024.01.10.,파워링크,V_00. 파워링크브랜드(삭제),748
2024.01.10.,파워링크,T_05.TPU매트_스마트(삭제),"46,519"
2024.01.11.,파워링크,V_00. 파워링크브랜드(삭제),473
2024.01.11.,파워링크,T_05.TPU매트_스마트(삭제),"55,352"
2024.01.12.,파워링크,V_00. 파워링크브랜드(삭제),242
2024.01.12.,파워링크,T_05.TPU매트_스마트(삭제),"51,150"
2024.01.13.,파워링크,V_00. 파워링크브랜드(삭제),264
2024.01.14.,파워링크,V_00. 파워링크브랜드(삭제),308
2024.01.15.,파워링크,T_05.TPU매트_스마트(삭제),"45,650"
2024.01.16.,파워링크,V_00. 파워링크브랜드(삭제),935
2024.01.16.,파워링크,T_05.TPU매트_스마트(삭제),"47,971"
2024.01.17.,파워링크,V_00. 파워링크브랜드(삭제),440
2024.01.17.,파워링크,T_05.TPU매트_스마트(삭제),"54,505"
2024.01.18.,파워링크,V_00. 파워링크브랜드(삭제),506
2024.01.18.,파워링크,T_05.TPU매트_스마트(삭제),"45,408"
2024.01.19.,파워링크,T_05.TPU매트_스마트(삭제),"46,288"
2024.01.19.,쇼핑검색,[미사용] S_02.퍼즐매트_01.메인(삭제),"109,450"
2024.01.20.,파워링크,V_00. 파워링크브랜드(삭제),440
2024.01.20.,쇼핑검색,[미사용] S_02.퍼즐매트_01.메인(삭제),"20,361"
2024.01.21.,파워링크,V_00. 파워링크브랜드(삭제),946
2024.01.21.,쇼핑검색,[미사용] S_02.퍼즐매트_01.메인(삭제),"100,507"
2024.01.22.,파워링크,T_05.TPU매트_스마트(삭제),"48,059"
2024.01.22.,쇼핑검색,[미사용] S_02.퍼즐매트_01.메인(삭제),"20,823"
2024.01.23.,파워링크,V_00. 파워링크브랜드(삭제),110
2024.01.23.,파워링크,T_05.TPU매트_스마트(삭제),"49,115"
2024.01.24.,파워링크,T_05.TPU매트_스마트(삭제),"47,344"
2024.01.25.,파워링크,T_05.TPU매트_스마트(삭제),"49,687"
2024.01.26.,파워링크,T_05.TPU매트_스마트(삭제),"58,058"
2024.01.27.,파워링크,V_00. 파워링크브랜드(삭제),407
2024.01.28.,파워링크,V_00. 파워링크브랜드(삭제),616
2024.01.29.,파워링크,V_00. 파워링크브랜드(삭제),704
2024.01.29.,파워링크,T_05.TPU매트_스마트(삭제),"45,111"
2024.01.30.,파워링크,V_00. 파워링크브랜드(삭제),"1,100"
2024.01.30.,파워링크,T_05.TPU매트_스마트(삭제),"54,461"
2024.01.31.,파워링크,V_00. 파워링크브랜드(삭제),187
2024.01.31.,파워링크,T_05.TPU매트_스마트(삭제),"51,645"
2024.02.01.,파워링크,V_00. 파워링크브랜드(삭제),649
2024.02.01.,파워링크,T_05.TPU매트_스마트(삭제),"50,864"
2024.02.02.,파워링크,T_05.TPU매트_스마트(삭제),"46,332"
2024.02.04.,파워링크,V_00. 파워링크브랜드(삭제),"2,134"
2024.02.05.,파워링크,V_00. 파워링크브랜드(삭제),627
2024.02.05.,파워링크,T_05.TPU매트_스마트(삭제),"46,992"
2024.02.06.,파워링크,V_00. 파워링크브랜드(삭제),572
2024.02.06.,파워링크,T_05.TPU매트_스마트(삭제),"46,233"
2024.02.07.,파워링크,T_05.TPU매트_스마트(삭제),"46,519"
2024.02.08.,파워링크,T_05.TPU매트_스마트(삭제),"45,474"
2024.02.09.,파워링크,T_05.TPU매트_스마트(삭제),"49,676"
2024.02.10.,파워링크,V_00. 파워링크브랜드(삭제),154
2024.02.12.,파워링크,T_05.TPU매트_스마트(삭제),"45,628"
2024.02.13.,파워링크,V_00. 파워링크브랜드(삭제),198
2024.02.13.,파워링크,T_05.TPU매트_스마트(삭제),"48,224"
2024.02.14.,파워링크,T_05.TPU매트_스마트(삭제),"47,575"
2024.02.15.,파워링크,T_05.TPU매트_스마트(삭제),"53,427"
2024.02.16.,파워링크,T_05.TPU매트_스마트(삭제),"46,728"
2024.02.18.,파워링크,V_00. 파워링크브랜드(삭제),187
2024.02.19.,파워링크,V_00. 파워링크브랜드(삭제),"1,232"
2024.02.19.,파워링크,T_05.TPU매트_스마트(삭제),"46,783"
2024.02.20.,파워링크,V_00. 파워링크브랜드(삭제),77
2024.02.20.,파워링크,T_05.TPU매트_스마트(삭제),"50,039"
2024.02.21.,파워링크,V_00. 파워링크브랜드(삭제),462
2024.02.21.,파워링크,T_05.TPU매트_스마트(삭제),"55,242"
2024.02.22.,파워링크,T_05.TPU매트_스마트(삭제),"48,653"
2024.02.23.,파워링크,T_05.TPU매트_스마트(삭제),"55,594"
2024.02.26.,파워링크,V_00. 파워링크브랜드(삭제),594
2024.02.26.,파워링크,T_05.TPU매트_스마트(삭제),"46,090"
2024.02.27.,파워링크,V_00. 파워링크브랜드(삭제),"1,936"
2024.02.27.,파워링크,T_05.TPU매트_스마트(삭제),"52,118"
2024.02.28.,파워링크,T_05.TPU매트_스마트(삭제),"51,161"
2024.02.29.,파워링크,V_00. 파워링크브랜드(삭제),616
2024.02.29.,파워링크,T_05.TPU매트_스마트(삭제),"52,063"
2024.03.01.,파워링크,T_05.TPU매트_스마트(삭제),"46,508"
2024.03.02.,파워링크,V_00. 파워링크브랜드(삭제),561
2024.03.03.,파워링크,V_00. 파워링크브랜드(삭제),451
2024.03.04.,파워링크,T_05.TPU매트_스마트(삭제),"47,762"
2024.03.05.,파워링크,V_00. 파워링크브랜드(삭제),693
2024.03.05.,파워링크,T_05.TPU매트_스마트(삭제),"50,094"
2024.03.06.,파워링크,V_00. 파워링크브랜드(삭제),605
2024.03.06.,파워링크,T_05.TPU매트_스마트(삭제),"48,180"
2024.03.07.,파워링크,T_05.TPU매트_스마트(삭제),"47,641"
2024.03.08.,파워링크,T_05.TPU매트_스마트(삭제),"48,983"
2024.03.09.,파워링크,V_00. 파워링크브랜드(삭제),495
2024.03.11.,파워링크,V_00. 파워링크브랜드(삭제),132
2024.03.11.,파워링크,T_05.TPU매트_스마트(삭제),"24,222"
2024.03.14.,파워링크,V_00. 파워링크브랜드(삭제),242
2024.03.17.,파워링크,V_00. 파워링크브랜드(삭제),539
2024.03.18.,파워링크,V_00. 파워링크브랜드(삭제),506
2024.03.19.,파워링크,V_00. 파워링크브랜드(삭제),418
2024.03.23.,파워링크,V_00. 파워링크브랜드(삭제),308
2024.03.24.,파워링크,V_00. 파워링크브랜드(삭제),946
2024.03.25.,파워링크,V_00. 파워링크브랜드(삭제),407
2024.03.26.,파워링크,V_00. 파워링크브랜드(삭제),132
2024.03.31.,파워링크,V_00. 파워링크브랜드(삭제),847
2024.04.01.,파워링크,V_00. 파워링크브랜드(삭제),506
2024.04.03.,파워링크,V_00. 파워링크브랜드(삭제),473
2024.04.09.,파워링크,V_00. 파워링크브랜드(삭제),121
2024.04.10.,파워링크,V_00. 파워링크브랜드(삭제),143
2024.04.11.,파워링크,V_00. 파워링크브랜드(삭제),693
2024.04.12.,파워링크,V_00. 파워링크브랜드(삭제),594
2024.04.16.,파워링크,V_00. 파워링크브랜드(삭제),297
2024.04.17.,파워링크,V_00. 파워링크브랜드(삭제),484
2024.04.18.,파워링크,V_00. 파워링크브랜드(삭제),407
2024.04.19.,파워링크,V_00. 파워링크브랜드(삭제),451
2024.04.26.,파워링크,V_00. 파워링크브랜드(삭제),572
2024.04.30.,파워링크,V_00. 파워링크브랜드(삭제),440
2024.05.01.,파워링크,V_00. 파워링크브랜드(삭제),"1,243"
2024.05.02.,파워링크,V_00. 파워링크브랜드(삭제),253
2024.05.03.,파워링크,V_00. 파워링크브랜드(삭제),154
2024.05.04.,파워링크,V_00. 파워링크브랜드(삭제),132
2024.05.06.,파워링크,V_00. 파워링크브랜드(삭제),242
2024.05.07.,파워링크,V_00. 파워링크브랜드(삭제),165
2024.05.09.,파워링크,V_00. 파워링크브랜드(삭제),143
2024.05.10.,파워링크,V_00. 파워링크브랜드(삭제),231
2024.05.11.,파워링크,V_00. 파워링크브랜드(삭제),451
2024.05.12.,파워링크,V_00. 파워링크브랜드(삭제),242
2024.05.13.,파워링크,V_00. 파워링크브랜드(삭제),649
2024.05.14.,파워링크,V_00. 파워링크브랜드(삭제),176
2024.05.15.,파워링크,V_00. 파워링크브랜드(삭제),187
2024.05.20.,파워링크,V_00. 파워링크브랜드(삭제),220
2024.05.22.,파워링크,V_00. 파워링크브랜드(삭제),539
2024.05.23.,파워링크,V_00. 파워링크브랜드(삭제),176
2024.05.25.,파워링크,V_00. 파워링크브랜드(삭제),209
2024.05.26.,파워링크,V_00. 파워링크브랜드(삭제),396
2024.05.30.,파워링크,V_00. 파워링크브랜드(삭제),198
2024.05.31.,파워링크,V_00. 파워링크브랜드(삭제),198
2024.06.04.,파워링크,V_00. 파워링크브랜드(삭제),550
2024.06.05.,파워링크,V_00. 파워링크브랜드(삭제),121
2024.06.07.,파워링크,V_00. 파워링크브랜드(삭제),330
2024.06.08.,파워링크,V_00. 파워링크브랜드(삭제),154
2024.06.09.,파워링크,V_00. 파워링크브랜드(삭제),154
2024.06.10.,파워링크,V_00. 파워링크브랜드(삭제),264
2024.06.11.,파워링크,V_00. 파워링크브랜드(삭제),858
2024.06.11.,쇼핑검색,[미사용] S_01.롤매트(삭제),"14,641"
2024.06.12.,파워링크,V_00. 파워링크브랜드(삭제),880
2024.06.12.,쇼핑검색,[미사용] S_01.롤매트(삭제),"157,366"
2024.06.14.,파워링크,V_00. 파워링크브랜드(삭제),132
2024.06.16.,파워링크,V_00. 파워링크브랜드(삭제),286
2024.06.18.,파워링크,V_00. 파워링크브랜드(삭제),594
2024.06.19.,파워링크,V_00. 파워링크브랜드(삭제),154
2024.06.21.,파워링크,V_00. 파워링크브랜드(삭제),385
2024.06.22.,파워링크,V_00. 파워링크브랜드(삭제),121
2024.06.23.,파워링크,V_00. 파워링크브랜드(삭제),121
2024.06.24.,파워링크,V_00. 파워링크브랜드(삭제),704
2024.06.25.,파워링크,V_00. 파워링크브랜드(삭제),220
2024.06.26.,파워링크,V_00. 파워링크브랜드(삭제),198
2024.06.29.,파워링크,V_00. 파워링크브랜드(삭제),154
2024.06.30.,파워링크,V_00. 파워링크브랜드(삭제),121
2024.07.01.,파워링크,V_00. 파워링크브랜드(삭제),781
2024.07.02.,파워링크,V_00. 파워링크브랜드(삭제),165
2024.07.03.,파워링크,V_00. 파워링크브랜드(삭제),286
2024.07.04.,파워링크,V_00. 파워링크브랜드(삭제),165
2024.07.05.,파워링크,V_00. 파워링크브랜드(삭제),605
2024.07.07.,파워링크,V_00. 파워링크브랜드(삭제),462
2024.07.10.,파워링크,V_00. 파워링크브랜드(삭제),781
2024.07.12.,파워링크,V_00. 파워링크브랜드(삭제),319
2024.07.15.,파워링크,V_00. 파워링크브랜드(삭제),286
2024.07.16.,파워링크,V_00. 파워링크브랜드(삭제),363
2024.07.17.,파워링크,V_00. 파워링크브랜드(삭제),440
2024.07.19.,파워링크,V_00. 파워링크브랜드(삭제),165
2024.07.24.,파워링크,V_00. 파워링크브랜드(삭제),187
2024.07.25.,쇼핑검색,[미사용] S_01.롤매트(삭제),"6,699"
2024.07.26.,쇼핑검색,[미사용] S_02.퍼즐매트_01.메인(삭제),"72,699"
2024.07.27.,쇼핑검색,[미사용] S_02.퍼즐매트_01.메인(삭제),"98,923"
2024.07.28.,쇼핑검색,[미사용] S_02.퍼즐매트_01.메인(삭제),"101,772"
2024.07.29.,쇼핑검색,[미사용] S_02.퍼즐매트_01.메인(삭제),"1,540"
2024.12.16.,쇼핑검색,[미사용] 000.평일(롤/애견롤/퍼즐) (2025)(삭제),"110,517"
2024.12.17.,쇼핑검색,[미사용] 000.평일(롤/애견롤/퍼즐) (2025)(삭제),"171,688"
2024.12.18.,쇼핑검색,[미사용] 000.평일(롤/애견롤/퍼즐) (2025)(삭제),"210,606"
2024.12.19.,쇼핑검색,[미사용] 000.평일(롤/애견롤/퍼즐) (2025)(삭제),"212,850"
2024.12.20.,쇼핑검색,[미사용] 000.평일(롤/애견롤/퍼즐) (2025)(삭제),"191,906"
2024.12.21.,쇼핑검색,[미사용] 000.평일(롤/애견롤/퍼즐) (2025)(삭제),"231,330"
2024.12.22.,쇼핑검색,[미사용] 000.평일(롤/애견롤/퍼즐) (2025)(삭제),"219,615"
2024.12.23.,쇼핑검색,[미사용] 000.평일(롤/애견롤/퍼즐) (2025)(삭제),"228,822"
2024.12.26.,쇼핑검색,[미사용] 000.평일(롤/애견롤/퍼즐) (2025)(삭제),"240,449"
2024.12.27.,쇼핑검색,[미사용] 000.평일(롤/애견롤/퍼즐) (2025)(삭제),"246,202"
2024.12.29.,쇼핑검색,[미사용] 000.평일(롤/애견롤/퍼즐) (2025)(삭제),"152,834"
2024.12.30.,쇼핑검색,[미사용] 000.평일(롤/애견롤/퍼즐) (2025)(삭제),"234,498"
2024.12.31.,쇼핑검색,[미사용] 000.평일(롤/애견롤/퍼즐) (2025)(삭제),"269,291"
2025.01.01.,쇼핑검색,[미사용] 000.평일(롤/애견롤/퍼즐) (2025)(삭제),"273,020"
2025.01.02.,쇼핑검색,[미사용] 000.평일(롤/애견롤/퍼즐) (2025)(삭제),"277,343"
2025.01.03.,쇼핑검색,[미사용] 000.평일(롤/애견롤/퍼즐) (2025)(삭제),"257,796"
2025.01.04.,쇼핑검색,[미사용] 000.평일(롤/애견롤/퍼즐) (2025)(삭제),"111,221"
2025.01.05.,쇼핑검색,[미사용] 000.평일(롤/애견롤/퍼즐) (2025)(삭제),"389,048"
2025.01.05.,쇼핑검색,플러스스토어_콘텐츠,"1,793"
2025.01.06.,쇼핑검색,[미사용] 000.평일(롤/애견롤/퍼즐) (2025)(삭제),"342,309"
2025.01.06.,쇼핑검색,플러스스토어_콘텐츠,"6,413"
2025.01.07.,쇼핑검색,[미사용] 000.평일(롤/애견롤/퍼즐) (2025)(삭제),"349,338"
2025.01.07.,쇼핑검색,플러스스토어_콘텐츠,"6,457"
2025.01.08.,쇼핑검색,[미사용] 000.평일(롤/애견롤/퍼즐) (2025)(삭제),"153,472"
2025.01.08.,쇼핑검색,플러스스토어_콘텐츠,"6,226"
2025.01.08.,쇼핑검색,[~25.01.13] 000. 평일(삭제),"370,403"
2025.01.09.,쇼핑검색,플러스스토어_콘텐츠,"6,567"
2025.01.09.,쇼핑검색,[~25.01.13] 000. 평일(삭제),"357,665"
2025.01.10.,쇼핑검색,플러스스토어_콘텐츠,"2,585"
2025.01.10.,쇼핑검색,[~25.01.13] 000. 평일(삭제),"351,868"
2025.01.11.,쇼핑검색,[미사용] 001. 토요일(롤/애견롤/퍼즐)(삭제),"179,685"
2025.01.11.,쇼핑검색,플러스스토어_콘텐츠,"7,194"
2025.01.11.,쇼핑검색,[~25.01.13] 000. 평일(삭제),"35,035"
2025.01.12.,쇼핑검색,플러스스토어_콘텐츠,"12,144"
2025.01.12.,쇼핑검색,[미사용] 002. 일요일(롤/애견롤/퍼즐)(삭제),"313,962"
2025.01.12.,쇼핑검색,[~25.01.13] 000. 평일(삭제),"32,230"
2025.01.13.,쇼핑검색,플러스스토어_콘텐츠,"10,516"
2025.01.13.,쇼핑검색,[~25.01.13] 000. 평일(삭제),"389,026"
2025.01.14.,쇼핑검색,플러스스토어_콘텐츠,"13,816"
2025.01.14.,쇼핑검색,"약 | 평일 |  182,600(삭제)","369,864"
2025.01.15.,쇼핑검색,플러스스토어_콘텐츠,"31,174"
2025.01.15.,쇼핑검색,"약 | 평일 |  182,600(삭제)","391,908"
2025.01.16.,쇼핑검색,플러스스토어_콘텐츠,"27,577"
2025.01.16.,쇼핑검색,"약 | 평일 |  182,600(삭제)","372,878"
2025.01.17.,쇼핑검색,플러스스토어_콘텐츠,"30,899"
2025.01.17.,쇼핑검색,"약 | 평일 |  182,600(삭제)","364,045"
2025.01.18.,쇼핑검색,플러스스토어_콘텐츠,"28,149"
2025.01.18.,쇼핑검색,"약 | 토요일 | 152,500(삭제)","145,607"
2025.01.19.,쇼핑검색,플러스스토어_콘텐츠,"22,209"
2025.01.19.,쇼핑검색,"약 | 일요일 | 173,700(삭제)","402,116"
2025.01.20.,쇼핑검색,플러스스토어_콘텐츠,"33,528"
2025.01.20.,쇼핑검색,"약 | 평일 |  182,600(삭제)","369,842"
2025.01.21.,쇼핑검색,플러스스토어_콘텐츠,"24,398"
2025.01.21.,쇼핑검색,"약 | 평일 |  182,600(삭제)","384,978"
2025.01.22.,쇼핑검색,플러스스토어_콘텐츠,"16,566"
2025.01.22.,쇼핑검색,"약 | 평일 |  182,600(삭제)","397,936"
2025.01.23.,쇼핑검색,플러스스토어_콘텐츠,"20,944"
2025.01.23.,쇼핑검색,"약 | 평일 |  182,600(삭제)","341,792"
2025.01.24.,쇼핑검색,플러스스토어_콘텐츠,"20,163"
2025.01.24.,쇼핑검색,"약 | 평일 |  182,600(삭제)","353,584"
2025.01.25.,쇼핑검색,플러스스토어_콘텐츠,"31,592"
2025.01.25.,쇼핑검색,"약 | 토요일 | 152,500(삭제)","191,455"
2025.01.26.,쇼핑검색,플러스스토어_콘텐츠,"31,526"
2025.01.26.,쇼핑검색,"약 | 일요일 | 173,700(삭제)","394,812"
2025.01.27.,쇼핑검색,플러스스토어_콘텐츠,"15,950"
2025.01.27.,쇼핑검색,"약 | 평일 |  182,600(삭제)","306,306"
2025.01.27.,쇼핑검색,"약 | 일요일 | 173,700(삭제)","1,925"
2025.01.28.,쇼핑검색,플러스스토어_콘텐츠,"29,436"
2025.01.28.,쇼핑검색,"약 | 평일 |  182,600(삭제)","372,460"
2025.01.29.,쇼핑검색,플러스스토어_콘텐츠,"20,141"
2025.01.29.,쇼핑검색,"03.쇼핑검색 | 유아롤매트 | 213,270","493,944"
2025.01.30.,쇼핑검색,플러스스토어_콘텐츠,"43,538"
2025.01.30.,쇼핑검색,"03.쇼핑검색 | 유아롤매트 | 213,270","755,194"
2025.01.31.,쇼핑검색,플러스스토어_콘텐츠,"32,890"
2025.01.31.,쇼핑검색,"약 | 평일 |  182,600(삭제)","179,795"
2025.01.31.,쇼핑검색,"03.쇼핑검색 | 유아롤매트 | 213,270","159,632"
2025.02.01.,쇼핑검색,플러스스토어_콘텐츠,"33,473"
2025.02.01.,쇼핑검색,"약 | 평일 |  182,600(삭제)","2,101"
2025.02.01.,쇼핑검색,"약 | 토요일 | 152,500(삭제)","116,908"
2025.02.02.,쇼핑검색,플러스스토어_콘텐츠,"28,600"
2025.02.02.,쇼핑검색,"약 | 일요일 | 173,700(삭제)","73,271"
2025.02.03.,쇼핑검색,플러스스토어_콘텐츠,"37,664"
2025.02.03.,쇼핑검색,"약 | 평일 |  182,600(삭제)","238,469"
2025.02.04.,쇼핑검색,플러스스토어_콘텐츠,"30,272"
2025.02.04.,쇼핑검색,"약 | 평일 |  182,600(삭제)","213,796"
2025.02.05.,쇼핑검색,플러스스토어_콘텐츠,"22,385"
2025.02.05.,쇼핑검색,"약 | 평일 |  182,600(삭제)","264,990"
2025.02.06.,쇼핑검색,플러스스토어_콘텐츠,"35,585"
2025.02.06.,쇼핑검색,"약 | 평일 |  182,600(삭제)","185,284"
2025.02.07.,쇼핑검색,플러스스토어_콘텐츠,"36,619"
2025.02.07.,쇼핑검색,"약 | 평일 |  182,600(삭제)","188,408"
2025.02.08.,쇼핑검색,플러스스토어_콘텐츠,"18,183"
2025.02.08.,쇼핑검색,"약 | 토요일 | 152,500(삭제)","163,273"
2025.02.09.,쇼핑검색,플러스스토어_콘텐츠,"41,580"
2025.02.09.,쇼핑검색,"약 | 토요일 | 152,500(삭제)","1,309"
2025.02.09.,쇼핑검색,"약 | 일요일 | 173,700(삭제)","191,873"
2025.02.10.,쇼핑검색,플러스스토어_콘텐츠,"22,770"
2025.02.10.,쇼핑검색,"약 | 평일 |  182,600(삭제)","204,171"
2025.02.11.,쇼핑검색,플러스스토어_콘텐츠,"18,854"
2025.02.11.,쇼핑검색,"약 | 평일 |  182,600(삭제)","167,123"
2025.02.12.,쇼핑검색,플러스스토어_콘텐츠,"29,876"
2025.02.12.,쇼핑검색,"약 | 평일 |  182,600(삭제)","193,820"
2025.02.13.,쇼핑검색,플러스스토어_콘텐츠,"30,800"
2025.02.13.,쇼핑검색,"약 | 평일 |  182,600(삭제)","37,103"
2025.02.13.,쇼핑검색,"03.쇼핑검색 | 유아롤매트 | 213,270","232,331"
2025.02.14.,쇼핑검색,플러스스토어_콘텐츠,"27,852"
2025.02.14.,쇼핑검색,"약 | 평일 |  182,600(삭제)","109,109"
2025.02.14.,쇼핑검색,"03.쇼핑검색 | 유아롤매트 | 213,270","83,116"
2025.02.15.,쇼핑검색,플러스스토어_콘텐츠,"23,298"
2025.02.15.,쇼핑검색,"약 | 토요일 | 152,500(삭제)","173,162"
2025.02.16.,쇼핑검색,플러스스토어_콘텐츠,"27,192"
2025.02.16.,쇼핑검색,"약 | 일요일 | 173,700(삭제)","187,385"
2025.02.17.,쇼핑검색,플러스스토어_콘텐츠,"30,261"
2025.02.17.,쇼핑검색,"약 | 평일 |  182,600(삭제)","89,716"
2025.02.17.,쇼핑검색,"03.쇼핑검색 | 유아롤매트 | 213,270","214,500"
2025.02.18.,쇼핑검색,플러스스토어_콘텐츠,"59,895"
2025.02.18.,쇼핑검색,"03.쇼핑검색 | 유아롤매트 | 213,270","311,454"
2025.02.19.,쇼핑검색,플러스스토어_콘텐츠,"58,278"
2025.02.19.,쇼핑검색,"03.쇼핑검색 | 유아롤매트 | 213,270","331,034"
2025.02.20.,쇼핑검색,플러스스토어_콘텐츠,"57,662"
2025.02.20.,쇼핑검색,"약 | 평일 |  182,600(삭제)","179,322"
2025.02.20.,쇼핑검색,"03.쇼핑검색 | 유아롤매트 | 213,270","51,590"
2025.02.21.,쇼핑검색,플러스스토어_콘텐츠,"39,039"
2025.02.21.,쇼핑검색,"약 | 평일 |  182,600(삭제)","160,578"
2025.02.22.,쇼핑검색,플러스스토어_콘텐츠,"65,868"
2025.02.23.,쇼핑검색,플러스스토어_콘텐츠,"47,740"
2025.02.24.,쇼핑검색,플러스스토어_콘텐츠,"63,998"
2025.02.24.,쇼핑검색,"약 | 평일 |  182,600(삭제)","168,487"
2025.02.25.,쇼핑검색,플러스스토어_콘텐츠,"47,630"
2025.02.25.,쇼핑검색,"약 | 평일 |  182,600(삭제)","185,900"
2025.02.26.,쇼핑검색,플러스스토어_콘텐츠,"53,944"
2025.02.26.,쇼핑검색,"약 | 평일 |  182,600(삭제)","157,421"
2025.02.27.,쇼핑검색,플러스스토어_콘텐츠,"56,584"
2025.02.27.,쇼핑검색,"약 | 평일 |  182,600(삭제)","182,050"
2025.02.28.,쇼핑검색,플러스스토어_콘텐츠,"42,680"
2025.02.28.,쇼핑검색,"약 | 평일 |  182,600(삭제)","171,017"
2025.03.01.,쇼핑검색,플러스스토어_콘텐츠,"53,515"
2025.03.01.,쇼핑검색,"약 | 토요일 | 152,500(삭제)","85,063"
2025.03.02.,쇼핑검색,플러스스토어_콘텐츠,"74,261"
2025.03.02.,쇼핑검색,"약 | 일요일 | 173,700(삭제)","143,165"
2025.03.03.,쇼핑검색,플러스스토어_콘텐츠,"44,869"
2025.03.03.,쇼핑검색,"약 | 평일 |  182,600(삭제)","186,329"
2025.03.04.,쇼핑검색,플러스스토어_콘텐츠,"48,752"
2025.03.04.,쇼핑검색,"약 | 평일 |  182,600(삭제)","83,259"
2025.03.04.,쇼핑검색,"03.쇼핑검색 | 유아롤매트 | 213,270","171,017"
2025.03.05.,쇼핑검색,플러스스토어_콘텐츠,"55,187"
2025.03.05.,쇼핑검색,"03.쇼핑검색 | 유아롤매트 | 213,270","323,675"
2025.03.06.,쇼핑검색,플러스스토어_콘텐츠,"46,739"
2025.03.06.,쇼핑검색,"03.쇼핑검색 | 유아롤매트 | 213,270","295,636"
2025.03.07.,쇼핑검색,플러스스토어_콘텐츠,"44,165"
2025.03.07.,쇼핑검색,"03.쇼핑검색 | 유아롤매트 | 213,270","334,521"
2025.03.08.,쇼핑검색,플러스스토어_콘텐츠,"50,006"
2025.03.08.,쇼핑검색,"03.쇼핑검색 | 유아롤매트 | 213,270","346,071"
2025.03.09.,쇼핑검색,플러스스토어_콘텐츠,"47,982"
2025.03.09.,쇼핑검색,"03.쇼핑검색 | 유아롤매트 | 213,270","345,169"
2025.03.10.,쇼핑검색,플러스스토어_콘텐츠,"52,019"
2025.03.10.,쇼핑검색,"03.쇼핑검색 | 유아롤매트 | 213,270","306,306"
2025.03.11.,쇼핑검색,플러스스토어_콘텐츠,"58,377"
2025.03.11.,쇼핑검색,"약 | 평일 |  182,600(삭제)","55,957"
2025.03.11.,쇼핑검색,"03.쇼핑검색 | 유아롤매트 | 213,270","147,136"
2025.03.12.,쇼핑검색,플러스스토어_콘텐츠,"41,052"
2025.03.12.,쇼핑검색,"약 | 평일 |  182,600(삭제)","117,612"
2025.03.13.,쇼핑검색,플러스스토어_콘텐츠,"37,477"
2025.03.13.,쇼핑검색,"약 | 평일 |  182,600(삭제)","74,987"
2025.03.14.,쇼핑검색,플러스스토어_콘텐츠,"33,858"
2025.03.14.,쇼핑검색,"약 | 평일 |  182,600(삭제)","93,610"
2025.03.14.,쇼핑검색,"03.쇼핑검색 | 유아롤매트 | 213,270","69,278"
2025.03.15.,쇼핑검색,플러스스토어_콘텐츠,"30,745"
2025.03.15.,쇼핑검색,"약 | 토요일 | 152,500(삭제)","132,341"
2025.03.16.,쇼핑검색,플러스스토어_콘텐츠,"58,036"
2025.03.16.,쇼핑검색,"약 | 토요일 | 152,500(삭제)","1,914"
2025.03.16.,쇼핑검색,"약 | 일요일 | 173,700(삭제)","156,948"
2025.03.17.,쇼핑검색,플러스스토어_콘텐츠,"48,323"
2025.03.17.,쇼핑검색,"약 | 평일 |  182,600(삭제)","7,700"
2025.03.17.,쇼핑검색,"약 | 일요일 | 173,700(삭제)","1,771"
2025.03.17.,쇼핑검색,"03.쇼핑검색 | 유아롤매트 | 213,270","336,413"
2025.03.18.,쇼핑검색,플러스스토어_콘텐츠,"32,087"
2025.03.18.,쇼핑검색,"03.쇼핑검색 | 유아롤매트 | 213,270","344,718"
2025.03.19.,쇼핑검색,플러스스토어_콘텐츠,"38,808"
2025.03.19.,쇼핑검색,"03.쇼핑검색 | 유아롤매트 | 213,270","361,724"
2025.03.20.,쇼핑검색,플러스스토어_콘텐츠,"39,633"
2025.03.20.,쇼핑검색,"03.쇼핑검색 | 유아롤매트 | 213,270","354,574"
2025.03.21.,쇼핑검색,플러스스토어_콘텐츠,"44,242"
2025.03.21.,쇼핑검색,"03.쇼핑검색 | 유아롤매트 | 213,270","309,232"
2025.03.22.,쇼핑검색,플러스스토어_콘텐츠,"38,995"
2025.03.22.,쇼핑검색,"03.쇼핑검색 | 유아롤매트 | 213,270","345,928"
2025.03.23.,쇼핑검색,플러스스토어_콘텐츠,"50,787"
2025.03.23.,쇼핑검색,"03.쇼핑검색 | 유아롤매트 | 213,270","344,333"
2025.03.24.,쇼핑검색,플러스스토어_콘텐츠,"46,464"
2025.03.24.,쇼핑검색,"03.쇼핑검색 | 유아롤매트 | 213,270","340,560"
2025.03.25.,쇼핑검색,플러스스토어_콘텐츠,"43,318"
2025.03.25.,쇼핑검색,"03.쇼핑검색 | 유아롤매트 | 213,270","340,241"
2025.03.26.,쇼핑검색,플러스스토어_콘텐츠,"42,009"
2025.03.26.,쇼핑검색,"03.쇼핑검색 | 유아롤매트 | 213,270","333,784"
2025.03.27.,쇼핑검색,플러스스토어_콘텐츠,"46,706"
2025.03.27.,쇼핑검색,"03.쇼핑검색 | 유아롤매트 | 213,270","350,152"
2025.03.28.,쇼핑검색,플러스스토어_콘텐츠,"50,369"
2025.03.28.,쇼핑검색,"03.쇼핑검색 | 유아롤매트 | 213,270","343,211"
2025.03.29.,쇼핑검색,플러스스토어_콘텐츠,"35,398"
2025.03.29.,쇼핑검색,"03.쇼핑검색 | 유아롤매트 | 213,270","351,120"
2025.03.30.,쇼핑검색,플러스스토어_콘텐츠,"27,192"
2025.03.30.,쇼핑검색,"03.쇼핑검색 | 유아롤매트 | 213,270","337,238"
2025.03.31.,쇼핑검색,플러스스토어_콘텐츠,"44,880"
2025.03.31.,쇼핑검색,"03.쇼핑검색 | 유아롤매트 | 213,270","328,889"
2025.04.01.,쇼핑검색,플러스스토어_콘텐츠,"55,396"
2025.04.01.,쇼핑검색,"03.쇼핑검색 | 유아롤매트 | 213,270","338,679"
2025.04.02.,쇼핑검색,플러스스토어_콘텐츠,"27,082"
2025.04.02.,쇼핑검색,"03.쇼핑검색 | 유아롤매트 | 213,270","328,867"
2025.04.03.,쇼핑검색,플러스스토어_콘텐츠,"45,232"
2025.04.03.,쇼핑검색,"03.쇼핑검색 | 유아롤매트 | 213,270","305,866"
2025.04.04.,쇼핑검색,플러스스토어_콘텐츠,"5,203"
2025.04.04.,쇼핑검색,"03.쇼핑검색 | 유아롤매트 | 213,270","259,424"
2025.04.05.,쇼핑검색,"03.쇼핑검색 | 유아롤매트 | 213,270","306,922"
2025.04.06.,쇼핑검색,"03.쇼핑검색 | 유아롤매트 | 213,270","300,586"
2025.04.07.,쇼핑검색,"03.쇼핑검색 | 유아롤매트 | 213,270","275,088"
2025.04.08.,쇼핑검색,"03.쇼핑검색 | 유아롤매트 | 213,270","316,954"
2025.04.09.,쇼핑검색,"03.쇼핑검색 | 유아롤매트 | 213,270","287,947"
2025.04.10.,쇼핑검색,"03.쇼핑검색 | 유아롤매트 | 213,270","287,089"
2025.04.11.,쇼핑검색,05_금(삭제),"118,437"
2025.04.12.,쇼핑검색,06_토(삭제),"244,805"
2025.04.13.,쇼핑검색,07_일(삭제),"340,450"
2025.04.14.,쇼핑검색,01_월(삭제),"499,114"
2025.04.15.,쇼핑검색,02_화(삭제),"329,560"
2025.04.16.,쇼핑검색,03_수(삭제),"471,064"
2025.04.17.,쇼핑검색,"03.쇼핑검색 | 유아롤매트 | 213,270","127,512"
2025.04.17.,쇼핑검색,04_목(삭제),"146,883"
2025.04.18.,쇼핑검색,"03.쇼핑검색 | 유아롤매트 | 213,270","271,656"
2025.04.19.,쇼핑검색,"03.쇼핑검색 | 유아롤매트 | 213,270","277,013"
2025.04.20.,쇼핑검색,"03.쇼핑검색 | 유아롤매트 | 213,270","299,013"
2025.04.21.,쇼핑검색,"03.쇼핑검색 | 유아롤매트 | 213,270","290,389"
2025.04.22.,쇼핑검색,"03.쇼핑검색 | 유아롤매트 | 213,270","295,031"
2025.04.23.,쇼핑검색,"03.쇼핑검색 | 유아롤매트 | 213,270","271,964"
2025.04.24.,쇼핑검색,"03.쇼핑검색 | 유아롤매트 | 213,270","298,463"
2025.04.25.,쇼핑검색,"03.쇼핑검색 | 유아롤매트 | 213,270","291,159"
2025.04.26.,쇼핑검색,"03.쇼핑검색 | 유아롤매트 | 213,270","291,918"
2025.04.27.,쇼핑검색,"03.쇼핑검색 | 유아롤매트 | 213,270","141,746"
2025.04.28.,쇼핑검색,"03.쇼핑검색 | 유아롤매트 | 213,270","147,939"
2025.04.29.,쇼핑검색,"03.쇼핑검색 | 유아롤매트 | 213,270","124,861"
2025.04.30.,쇼핑검색,"03.쇼핑검색 | 유아롤매트 | 213,270","147,411"
2025.05.01.,쇼핑검색,"03.쇼핑검색 | 유아롤매트 | 213,270","145,013"
2025.05.02.,쇼핑검색,"03.쇼핑검색 | 유아롤매트 | 213,270","150,073"
2025.05.03.,쇼핑검색,"03.쇼핑검색 | 유아롤매트 | 213,270","138,655"
2025.05.04.,쇼핑검색,"03.쇼핑검색 | 유아롤매트 | 213,270","145,222"
2025.05.05.,쇼핑검색,"03.쇼핑검색 | 유아롤매트 | 213,270","133,914"
2025.05.06.,쇼핑검색,"03.쇼핑검색 | 유아롤매트 | 213,270","160,919"
2025.05.07.,쇼핑검색,"03.쇼핑검색 | 유아롤매트 | 213,270","224,741"
2025.05.08.,쇼핑검색,"03.쇼핑검색 | 유아롤매트 | 213,270","240,306"
2025.05.09.,쇼핑검색,"03.쇼핑검색 | 유아롤매트 | 213,270","248,226"
2025.05.10.,쇼핑검색,"03.쇼핑검색 | 유아롤매트 | 213,270","257,334"
2025.05.11.,쇼핑검색,"03.쇼핑검색 | 유아롤매트 | 213,270","242,132"
2025.05.12.,쇼핑검색,"03.쇼핑검색 | 유아롤매트 | 213,270","255,420"
2025.05.13.,쇼핑검색,"03.쇼핑검색 | 유아롤매트 | 213,270","247,192"
2025.05.14.,쇼핑검색,"03.쇼핑검색 | 유아롤매트 | 213,270","213,114"
2025.05.15.,쇼핑검색,"03.쇼핑검색 | 유아롤매트 | 213,270","248,985"
2025.05.16.,쇼핑검색,"03.쇼핑검색 | 유아롤매트 | 213,270","248,512"
2025.05.17.,쇼핑검색,"03.쇼핑검색 | 유아롤매트 | 213,270","243,837"
2025.05.18.,쇼핑검색,"03.쇼핑검색 | 유아롤매트 | 213,270","237,952"
2025.05.19.,쇼핑검색,"03.쇼핑검색 | 유아롤매트 | 213,270","232,639"
2025.05.20.,쇼핑검색,"03.쇼핑검색 | 유아롤매트 | 213,270","168,905"
2025.05.21.,쇼핑검색,"03.쇼핑검색 | 유아롤매트 | 213,270","156,761"
2025.05.22.,쇼핑검색,"03.쇼핑검색 | 유아롤매트 | 213,270","135,597"
2025.05.23.,쇼핑검색,"03.쇼핑검색 | 유아롤매트 | 213,270","117,678"
2025.05.24.,쇼핑검색,"03.쇼핑검색 | 유아롤매트 | 213,270","143,066"
2025.05.25.,쇼핑검색,"03.쇼핑검색 | 유아롤매트 | 213,270","134,277"
2025.05.26.,쇼핑검색,"03.쇼핑검색 | 유아롤매트 | 213,270","240,328"
2025.05.27.,쇼핑검색,"03.쇼핑검색 | 유아롤매트 | 213,270","240,405"
2025.05.28.,쇼핑검색,"03.쇼핑검색 | 유아롤매트 | 213,270","240,229"
2025.05.29.,쇼핑검색,"03.쇼핑검색 | 유아롤매트 | 213,270","252,131"
2025.05.30.,쇼핑검색,"03.쇼핑검색 | 유아롤매트 | 213,270","146,454"
2025.05.31.,쇼핑검색,"03.쇼핑검색 | 유아롤매트 | 213,270","209,297"
2025.06.01.,쇼핑검색,"03.쇼핑검색 | 유아롤매트 | 213,270","235,290"
2025.06.02.,쇼핑검색,"03.쇼핑검색 | 유아롤매트 | 213,270","237,622"
2025.06.03.,쇼핑검색,"03.쇼핑검색 | 유아롤매트 | 213,270","183,194"
2025.06.04.,쇼핑검색,"03.쇼핑검색 | 유아롤매트 | 213,270","216,854"
2025.06.05.,쇼핑검색,"03.쇼핑검색 | 유아롤매트 | 213,270","240,878"
2025.06.06.,쇼핑검색,"03.쇼핑검색 | 유아롤매트 | 213,270","247,742"
2025.06.07.,쇼핑검색,"03.쇼핑검색 | 유아롤매트 | 213,270","230,802"
2025.06.08.,쇼핑검색,"03.쇼핑검색 | 유아롤매트 | 213,270","234,190"
2025.06.09.,쇼핑검색,"03.쇼핑검색 | 유아롤매트 | 213,270","234,234"
2025.06.10.,쇼핑검색,"03.쇼핑검색 | 유아롤매트 | 213,270","232,287"
2025.06.11.,쇼핑검색,"03.쇼핑검색 | 유아롤매트 | 213,270","249,744"
2025.06.12.,쇼핑검색,"03.쇼핑검색 | 유아롤매트 | 213,270","253,473"
2025.06.13.,쇼핑검색,"03.쇼핑검색 | 유아롤매트 | 213,270","245,267"
2025.06.14.,쇼핑검색,"03.쇼핑검색 | 유아롤매트 | 213,270","241,307"
2025.06.15.,쇼핑검색,"03.쇼핑검색 | 유아롤매트 | 213,270","246,367"
2025.06.16.,쇼핑검색,"03.쇼핑검색 | 유아롤매트 | 213,270","250,019"
2025.06.17.,쇼핑검색,"03.쇼핑검색 | 유아롤매트 | 213,270","244,266"
2025.06.18.,쇼핑검색,"03.쇼핑검색 | 유아롤매트 | 213,270","209,803"
2025.06.19.,쇼핑검색,"03.쇼핑검색 | 유아롤매트 | 213,270","243,430"
2025.06.20.,쇼핑검색,"03.쇼핑검색 | 유아롤매트 | 213,270","247,247"
2025.06.21.,쇼핑검색,"03.쇼핑검색 | 유아롤매트 | 213,270","241,318"
2025.06.22.,쇼핑검색,"03.쇼핑검색 | 유아롤매트 | 213,270","248,710"
2025.06.23.,쇼핑검색,"03.쇼핑검색 | 유아롤매트 | 213,270","235,037"
2025.06.24.,쇼핑검색,"03.쇼핑검색 | 유아롤매트 | 213,270","315,425"
2025.06.25.,쇼핑검색,"03.쇼핑검색 | 유아롤매트 | 213,270","330,473"
2025.06.26.,쇼핑검색,"03.쇼핑검색 | 유아롤매트 | 213,270","301,323"
2025.06.27.,쇼핑검색,"03.쇼핑검색 | 유아롤매트 | 213,270","302,522"
2025.06.28.,쇼핑검색,"03.쇼핑검색 | 유아롤매트 | 213,270","312,521"
2025.06.29.,쇼핑검색,"03.쇼핑검색 | 유아롤매트 | 213,270","311,597"
2025.06.30.,쇼핑검색,"03.쇼핑검색 | 유아롤매트 | 213,270","308,550"
2025.07.01.,쇼핑검색,"03.쇼핑검색 | 유아롤매트 | 213,270","305,294"
2025.07.02.,쇼핑검색,"03.쇼핑검색 | 유아롤매트 | 213,270","315,194"
2025.07.03.,쇼핑검색,"03.쇼핑검색 | 유아롤매트 | 213,270","236,951"
2025.07.04.,쇼핑검색,"03.쇼핑검색 | 유아롤매트 | 213,270","243,232"
2025.07.04.,쇼핑검색,04.따사룸 키워드,"15,488"
2025.07.05.,쇼핑검색,"03.쇼핑검색 | 유아롤매트 | 213,270","238,425"
2025.07.05.,쇼핑검색,04.따사룸 키워드,"19,910"
2025.07.06.,쇼핑검색,"03.쇼핑검색 | 유아롤매트 | 213,270","221,386"
2025.07.06.,쇼핑검색,04.따사룸 키워드,"18,546"
2025.07.07.,쇼핑검색,"03.쇼핑검색 | 유아롤매트 | 213,270","344,608"
2025.07.07.,쇼핑검색,04.따사룸 키워드,"13,772"
2025.07.08.,쇼핑검색,"03.쇼핑검색 | 유아롤매트 | 213,270","401,049"
2025.07.08.,쇼핑검색,04.따사룸 키워드,"12,133"
2025.07.09.,쇼핑검색,"03.쇼핑검색 | 유아롤매트 | 213,270","403,623"
2025.07.09.,쇼핑검색,04.따사룸 키워드,"8,041"
2025.07.10.,쇼핑검색,"03.쇼핑검색 | 유아롤매트 | 213,270","407,341"
2025.07.10.,쇼핑검색,04.따사룸 키워드,"10,637"
2025.07.11.,쇼핑검색,"03.쇼핑검색 | 유아롤매트 | 213,270","394,262"
2025.07.11.,쇼핑검색,04.따사룸 키워드,"4,939"
2025.07.12.,쇼핑검색,"03.쇼핑검색 | 유아롤매트 | 213,270","410,069"
2025.07.12.,쇼핑검색,04.따사룸 키워드,"9,691"
2025.07.13.,쇼핑검색,"03.쇼핑검색 | 유아롤매트 | 213,270","421,014"
2025.07.13.,쇼핑검색,04.따사룸 키워드,"10,362"
2025.07.14.,쇼핑검색,"03.쇼핑검색 | 유아롤매트 | 213,270","379,533"
2025.07.14.,쇼핑검색,04.따사룸 키워드,"12,573"
2025.07.15.,쇼핑검색,"03.쇼핑검색 | 유아롤매트 | 213,270","420,068"
2025.07.15.,쇼핑검색,04.따사룸 키워드,"9,416"
2025.07.16.,쇼핑검색,"03.쇼핑검색 | 유아롤매트 | 213,270","407,550"
2025.07.16.,쇼핑검색,04.따사룸 키워드,"12,188"
2025.07.17.,쇼핑검색,"03.쇼핑검색 | 유아롤매트 | 213,270","406,175"
2025.07.17.,쇼핑검색,04.따사룸 키워드,"10,120"
2025.07.18.,쇼핑검색,"03.쇼핑검색 | 유아롤매트 | 213,270","373,923"
2025.07.18.,쇼핑검색,04.따사룸 키워드,"9,977"
2025.07.19.,쇼핑검색,"03.쇼핑검색 | 유아롤매트 | 213,270","382,987"
2025.07.19.,쇼핑검색,04.따사룸 키워드,"13,497"
2025.07.20.,쇼핑검색,"03.쇼핑검색 | 유아롤매트 | 213,270","390,775"
2025.07.20.,쇼핑검색,04.따사룸 키워드,"15,950"
2025.07.21.,쇼핑검색,"03.쇼핑검색 | 유아롤매트 | 213,270","401,808"
2025.07.21.,쇼핑검색,04.따사룸 키워드,"14,883"
2025.07.22.,쇼핑검색,"03.쇼핑검색 | 유아롤매트 | 213,270","461,252"
2025.07.22.,쇼핑검색,04.따사룸 키워드,"11,990"
2025.07.23.,쇼핑검색,"03.쇼핑검색 | 유아롤매트 | 213,270","487,135"
2025.07.23.,쇼핑검색,04.따사룸 키워드,"8,690"
2025.07.24.,쇼핑검색,"03.쇼핑검색 | 유아롤매트 | 213,270","425,667"
2025.07.24.,쇼핑검색,04.따사룸 키워드,"6,710"
2025.07.25.,쇼핑검색,"03.쇼핑검색 | 유아롤매트 | 213,270","370,480"
2025.07.25.,쇼핑검색,04.따사룸 키워드,"10,274"
2025.07.26.,쇼핑검색,"03.쇼핑검색 | 유아롤매트 | 213,270","350,097"
2025.07.26.,쇼핑검색,04.따사룸 키워드,"8,525"
2025.07.27.,쇼핑검색,"03.쇼핑검색 | 유아롤매트 | 213,270","410,828"
2025.07.27.,쇼핑검색,04.따사룸 키워드,"11,077"
2025.07.28.,쇼핑검색,"03.쇼핑검색 | 유아롤매트 | 213,270","407,022"
2025.07.28.,쇼핑검색,04.따사룸 키워드,"9,262"
2025.07.29.,쇼핑검색,"03.쇼핑검색 | 유아롤매트 | 213,270","413,666"
2025.07.29.,쇼핑검색,04.따사룸 키워드,"10,582"
2025.07.30.,쇼핑검색,"03.쇼핑검색 | 유아롤매트 | 213,270","410,971"
2025.07.30.,쇼핑검색,04.따사룸 키워드,"5,797"
2025.07.31.,쇼핑검색,"03.쇼핑검색 | 유아롤매트 | 213,270","295,526"
2025.07.31.,쇼핑검색,04.따사룸 키워드,"3,619"
2025.08.01.,쇼핑검색,"03.쇼핑검색 | 유아롤매트 | 213,270","293,106"
2025.08.01.,쇼핑검색,04.따사룸 키워드,"5,027"
2025.08.02.,쇼핑검색,"03.쇼핑검색 | 유아롤매트 | 213,270","299,409"
2025.08.02.,쇼핑검색,04.따사룸 키워드,"7,612"
2025.08.03.,쇼핑검색,"03.쇼핑검색 | 유아롤매트 | 213,270","292,996"
2025.08.03.,쇼핑검색,04.따사룸 키워드,"5,434"
2025.08.04.,쇼핑검색,"03.쇼핑검색 | 유아롤매트 | 213,270","315,711"
2025.08.04.,쇼핑검색,04.따사룸 키워드,"4,818"
2025.08.05.,쇼핑검색,"03.쇼핑검색 | 유아롤매트 | 213,270","312,840"
2025.08.05.,쇼핑검색,04.따사룸 키워드,"7,799"
2025.08.06.,쇼핑검색,"03.쇼핑검색 | 유아롤매트 | 213,270","420,552"
2025.08.06.,쇼핑검색,04.따사룸 키워드,"7,040"
2025.08.07.,쇼핑검색,"03.쇼핑검색 | 유아롤매트 | 213,270","438,856"
2025.08.07.,쇼핑검색,04.따사룸 키워드,"5,005"
2025.08.08.,쇼핑검색,"03.쇼핑검색 | 유아롤매트 | 213,270","290,191"
2025.08.08.,쇼핑검색,04.따사룸 키워드,"6,028"
2025.08.09.,쇼핑검색,"03.쇼핑검색 | 유아롤매트 | 213,270","294,613"
2025.08.09.,쇼핑검색,04.따사룸 키워드,"7,909"
2025.08.10.,쇼핑검색,"03.쇼핑검색 | 유아롤매트 | 213,270","373,516"
2025.08.10.,쇼핑검색,04.따사룸 키워드,"10,373"
2025.08.11.,쇼핑검색,"03.쇼핑검색 | 유아롤매트 | 213,270","412,687"
2025.08.11.,쇼핑검색,04.따사룸 키워드,"9,372"
2025.08.12.,쇼핑검색,"03.쇼핑검색 | 유아롤매트 | 213,270","415,602"
2025.08.12.,쇼핑검색,04.따사룸 키워드,"9,383"
2025.08.13.,쇼핑검색,"03.쇼핑검색 | 유아롤매트 | 213,270","436,612"
2025.08.13.,쇼핑검색,04.따사룸 키워드,"9,240"
2025.08.14.,쇼핑검색,"03.쇼핑검색 | 유아롤매트 | 213,270","326,766"
2025.08.14.,쇼핑검색,04.따사룸 키워드,"7,084"
2025.08.15.,쇼핑검색,"03.쇼핑검색 | 유아롤매트 | 213,270","337,205"
2025.08.15.,쇼핑검색,04.따사룸 키워드,"9,900"
2025.08.16.,쇼핑검색,"03.쇼핑검색 | 유아롤매트 | 213,270","309,155"
2025.08.16.,쇼핑검색,04.따사룸 키워드,"10,560"
2025.08.17.,쇼핑검색,"03.쇼핑검색 | 유아롤매트 | 213,270","330,440"
2025.08.17.,쇼핑검색,04.따사룸 키워드,"9,966"
2025.08.18.,쇼핑검색,"03.쇼핑검색 | 유아롤매트 | 213,270","422,169"
2025.08.18.,쇼핑검색,04.따사룸 키워드,"10,670"
2025.08.19.,쇼핑검색,"03.쇼핑검색 | 유아롤매트 | 213,270","416,647"
2025.08.19.,쇼핑검색,04.따사룸 키워드,"10,758"
2025.08.20.,쇼핑검색,"03.쇼핑검색 | 유아롤매트 | 213,270","416,537"
2025.08.20.,쇼핑검색,04.따사룸 키워드,"10,516"
2025.08.21.,쇼핑검색,"03.쇼핑검색 | 유아롤매트 | 213,270","424,996"
2025.08.21.,쇼핑검색,04.따사룸 키워드,"9,449"
2025.08.22.,쇼핑검색,"03.쇼핑검색 | 유아롤매트 | 213,270","414,667"
2025.08.22.,쇼핑검색,04.따사룸 키워드,"6,886"
2025.08.23.,쇼핑검색,"03.쇼핑검색 | 유아롤매트 | 213,270","396,605"
2025.08.23.,쇼핑검색,04.따사룸 키워드,"9,647"
2025.08.24.,쇼핑검색,"03.쇼핑검색 | 유아롤매트 | 213,270","412,181"
2025.08.24.,쇼핑검색,04.따사룸 키워드,"12,210"
2025.08.25.,쇼핑검색,"03.쇼핑검색 | 유아롤매트 | 213,270","365,794"
2025.08.25.,쇼핑검색,04.따사룸 키워드,"12,309"
2025.08.26.,쇼핑검색,"03.쇼핑검색 | 유아롤매트 | 213,270","353,672"
2025.08.26.,쇼핑검색,04.따사룸 키워드,"10,065"
2025.08.27.,쇼핑검색,"03.쇼핑검색 | 유아롤매트 | 213,270","358,259"
2025.08.27.,쇼핑검색,04.따사룸 키워드,"6,853"
2025.08.28.,쇼핑검색,"03.쇼핑검색 | 유아롤매트 | 213,270","283,888"
2025.08.28.,쇼핑검색,04.따사룸 키워드,"8,811"
2025.08.29.,쇼핑검색,"03.쇼핑검색 | 유아롤매트 | 213,270","288,354"
2025.08.29.,쇼핑검색,04.따사룸 키워드,"12,738"
2025.08.30.,쇼핑검색,"03.쇼핑검색 | 유아롤매트 | 213,270","314,182"
2025.08.30.,쇼핑검색,04.따사룸 키워드,"6,798"
2025.08.31.,쇼핑검색,"03.쇼핑검색 | 유아롤매트 | 213,270","284,735"
2025.08.31.,쇼핑검색,04.따사룸 키워드,"13,552"
2025.09.01.,쇼핑검색,"03.쇼핑검색 | 유아롤매트 | 213,270","403,557"
2025.09.01.,쇼핑검색,04.따사룸 키워드,"12,144"
2025.09.02.,쇼핑검색,"03.쇼핑검색 | 유아롤매트 | 213,270","466,851"
2025.09.02.,쇼핑검색,04.따사룸 키워드,"10,054"
2025.09.03.,쇼핑검색,"03.쇼핑검색 | 유아롤매트 | 213,270","387,563"
2025.09.03.,쇼핑검색,04.따사룸 키워드,"9,350"
2025.09.04.,쇼핑검색,"03.쇼핑검색 | 유아롤매트 | 213,270","471,625"
2025.09.04.,쇼핑검색,04.따사룸 키워드,"5,522"
2025.09.05.,쇼핑검색,"03.쇼핑검색 | 유아롤매트 | 213,270","391,226"
2025.09.05.,쇼핑검색,04.따사룸 키워드,"13,112"
2025.09.06.,쇼핑검색,"03.쇼핑검색 | 유아롤매트 | 213,270","384,615"
2025.09.06.,쇼핑검색,04.따사룸 키워드,"9,339"
2025.09.07.,쇼핑검색,"03.쇼핑검색 | 유아롤매트 | 213,270","382,646"
2025.09.07.,쇼핑검색,04.따사룸 키워드,"11,077"
2025.09.08.,쇼핑검색,"03.쇼핑검색 | 유아롤매트 | 213,270","452,672"
2025.09.08.,쇼핑검색,04.따사룸 키워드,"6,457"
2025.09.09.,쇼핑검색,"03.쇼핑검색 | 유아롤매트 | 213,270","538,780"
2025.09.09.,쇼핑검색,04.따사룸 키워드,"7,678"
2025.09.10.,쇼핑검색,"03.쇼핑검색 | 유아롤매트 | 213,270","555,280"
2025.09.10.,쇼핑검색,04.따사룸 키워드,"6,985"
2025.09.11.,쇼핑검색,"03.쇼핑검색 | 유아롤매트 | 213,270","539,385"
2025.09.11.,쇼핑검색,04.따사룸 키워드,"8,459"
2025.09.12.,쇼핑검색,"03.쇼핑검색 | 유아롤매트 | 213,270","532,741"
2025.09.12.,쇼핑검색,04.따사룸 키워드,"4,994"
2025.09.13.,쇼핑검색,"03.쇼핑검색 | 유아롤매트 | 213,270","536,019"
2025.09.13.,쇼핑검색,04.따사룸 키워드,"7,282"
2025.09.14.,쇼핑검색,"03.쇼핑검색 | 유아롤매트 | 213,270","533,753"
2025.09.14.,쇼핑검색,04.따사룸 키워드,"10,879"
2025.09.15.,쇼핑검색,"03.쇼핑검색 | 유아롤매트 | 213,270","545,072"
2025.09.15.,쇼핑검색,04.따사룸 키워드,"8,272"
2025.09.16.,쇼핑검색,"03.쇼핑검색 | 유아롤매트 | 213,270","566,225"
2025.09.16.,쇼핑검색,04.따사룸 키워드,"8,041"
2025.09.17.,쇼핑검색,"03.쇼핑검색 | 유아롤매트 | 213,270","569,602"
2025.09.17.,쇼핑검색,04.따사룸 키워드,"11,264"
2025.09.18.,쇼핑검색,"03.쇼핑검색 | 유아롤매트 | 213,270","567,765"
2025.09.18.,쇼핑검색,04.따사룸 키워드,"7,480"
2025.09.19.,쇼핑검색,"03.쇼핑검색 | 유아롤매트 | 213,270","539,935"
2025.09.19.,쇼핑검색,04.따사룸 키워드,"5,940"
2025.09.20.,쇼핑검색,"03.쇼핑검색 | 유아롤매트 | 213,270","508,882"
2025.09.20.,쇼핑검색,04.따사룸 키워드,"7,876"
2025.09.21.,쇼핑검색,"03.쇼핑검색 | 유아롤매트 | 213,270","571,065"
2025.09.21.,쇼핑검색,04.따사룸 키워드,"10,032"
2025.09.22.,쇼핑검색,"03.쇼핑검색 | 유아롤매트 | 213,270","518,859"
2025.09.22.,쇼핑검색,04.따사룸 키워드,"11,066"
2025.09.23.,쇼핑검색,"03.쇼핑검색 | 유아롤매트 | 213,270","503,547"
2025.09.23.,쇼핑검색,04.따사룸 키워드,"9,658"
2025.09.24.,쇼핑검색,"03.쇼핑검색 | 유아롤매트 | 213,270","556,171"
2025.09.24.,쇼핑검색,04.따사룸 키워드,"10,593"
2025.09.25.,쇼핑검색,"03.쇼핑검색 | 유아롤매트 | 213,270","550,814"
2025.09.25.,쇼핑검색,04.따사룸 키워드,"9,845"
2025.09.26.,쇼핑검색,"03.쇼핑검색 | 유아롤매트 | 213,270","562,001"
2025.09.26.,쇼핑검색,04.따사룸 키워드,"6,897"
2025.09.27.,쇼핑검색,"03.쇼핑검색 | 유아롤매트 | 213,270","562,914"
2025.09.27.,쇼핑검색,04.따사룸 키워드,"6,380"
2025.09.28.,쇼핑검색,"03.쇼핑검색 | 유아롤매트 | 213,270","529,232"
2025.09.28.,쇼핑검색,04.따사룸 키워드,"4,488"
2025.09.29.,쇼핑검색,"03.쇼핑검색 | 유아롤매트 | 213,270","175,285"
2025.09.29.,쇼핑검색,04.따사룸 키워드,"9,504"
2025.09.29.,쇼핑검색,"02.쇼핑검색 | 퍼즐매트 | 171,470","153,483"
2025.09.29.,쇼핑검색,01.쇼핑검색 | 애견매트 | 86620,"49,038"
2025.09.30.,쇼핑검색,"03.쇼핑검색 | 유아롤매트 | 213,270","177,716"
2025.09.30.,쇼핑검색,04.따사룸 키워드,"6,787"
2025.09.30.,쇼핑검색,"02.쇼핑검색 | 퍼즐매트 | 171,470","177,870"
2025.09.30.,쇼핑검색,01.쇼핑검색 | 애견매트 | 86620,"61,490"
2025.10.01.,쇼핑검색,"03.쇼핑검색 | 유아롤매트 | 213,270","179,894"
2025.10.01.,쇼핑검색,04.따사룸 키워드,"7,821"
2025.10.01.,쇼핑검색,"02.쇼핑검색 | 퍼즐매트 | 171,470","148,599"
2025.10.01.,쇼핑검색,01.쇼핑검색 | 애견매트 | 86620,"49,907"
2025.10.02.,쇼핑검색,"03.쇼핑검색 | 유아롤매트 | 213,270","133,331"
2025.10.02.,쇼핑검색,04.따사룸 키워드,"5,951"
2025.10.02.,쇼핑검색,"02.쇼핑검색 | 퍼즐매트 | 171,470","139,700"
2025.10.02.,쇼핑검색,01.쇼핑검색 | 애견매트 | 86620,"32,505"
2025.10.03.,쇼핑검색,"03.쇼핑검색 | 유아롤매트 | 213,270","149,391"
2025.10.03.,쇼핑검색,04.따사룸 키워드,"6,325"
2025.10.03.,쇼핑검색,"02.쇼핑검색 | 퍼즐매트 | 171,470","124,344"
2025.10.03.,쇼핑검색,01.쇼핑검색 | 애견매트 | 86620,"45,914"
2025.10.04.,쇼핑검색,"03.쇼핑검색 | 유아롤매트 | 213,270","136,455"
2025.10.04.,쇼핑검색,04.따사룸 키워드,"4,411"
2025.10.04.,쇼핑검색,"02.쇼핑검색 | 퍼즐매트 | 171,470","127,633"
2025.10.04.,쇼핑검색,01.쇼핑검색 | 애견매트 | 86620,"54,263"
2025.10.05.,쇼핑검색,"03.쇼핑검색 | 유아롤매트 | 213,270","132,627"
2025.10.05.,쇼핑검색,04.따사룸 키워드,"5,258"
2025.10.05.,쇼핑검색,"02.쇼핑검색 | 퍼즐매트 | 171,470","129,789"
2025.10.05.,쇼핑검색,01.쇼핑검색 | 애견매트 | 86620,"47,410"
2025.10.06.,쇼핑검색,"03.쇼핑검색 | 유아롤매트 | 213,270","233,365"
2025.10.06.,쇼핑검색,04.따사룸 키워드,"4,059"
2025.10.06.,쇼핑검색,"02.쇼핑검색 | 퍼즐매트 | 171,470","217,074"
2025.10.06.,쇼핑검색,01.쇼핑검색 | 애견매트 | 86620,"56,551"
2025.10.07.,쇼핑검색,"03.쇼핑검색 | 유아롤매트 | 213,270","242,979"
2025.10.07.,쇼핑검색,04.따사룸 키워드,"9,625"
2025.10.07.,쇼핑검색,"02.쇼핑검색 | 퍼즐매트 | 171,470","209,209"
2025.10.07.,쇼핑검색,01.쇼핑검색 | 애견매트 | 86620,"52,866"
2025.10.08.,쇼핑검색,"03.쇼핑검색 | 유아롤매트 | 213,270","269,467"
2025.10.08.,쇼핑검색,04.따사룸 키워드,"7,568"
2025.10.08.,쇼핑검색,"02.쇼핑검색 | 퍼즐매트 | 171,470","208,736"
2025.10.08.,쇼핑검색,01.쇼핑검색 | 애견매트 | 86620,"59,081"
2025.10.09.,쇼핑검색,"03.쇼핑검색 | 유아롤매트 | 213,270","290,510"
2025.10.09.,쇼핑검색,04.따사룸 키워드,"13,772"
2025.10.09.,쇼핑검색,"02.쇼핑검색 | 퍼즐매트 | 171,470","207,779"
2025.10.09.,쇼핑검색,01.쇼핑검색 | 애견매트 | 86620,"59,862"
2025.10.10.,쇼핑검색,"03.쇼핑검색 | 유아롤매트 | 213,270","253,704"
2025.10.10.,쇼핑검색,04.따사룸 키워드,"11,781"
2025.10.10.,쇼핑검색,"02.쇼핑검색 | 퍼즐매트 | 171,470","217,151"
2025.10.10.,쇼핑검색,01.쇼핑검색 | 애견매트 | 86620,"65,340"
2025.10.11.,쇼핑검색,"03.쇼핑검색 | 유아롤매트 | 213,270","240,372"
2025.10.11.,쇼핑검색,04.따사룸 키워드,"8,195"
2025.10.11.,쇼핑검색,"02.쇼핑검색 | 퍼즐매트 | 171,470","211,035"
2025.10.11.,쇼핑검색,01.쇼핑검색 | 애견매트 | 86620,"70,598"
2025.10.12.,쇼핑검색,"03.쇼핑검색 | 유아롤매트 | 213,270","274,406"
2025.10.12.,쇼핑검색,04.따사룸 키워드,"11,671"
2025.10.12.,쇼핑검색,"02.쇼핑검색 | 퍼즐매트 | 171,470","230,197"
2025.10.12.,쇼핑검색,01.쇼핑검색 | 애견매트 | 86620,"30,272"
2025.10.13.,쇼핑검색,"03.쇼핑검색 | 유아롤매트 | 213,270","129,767"
2025.10.13.,쇼핑검색,04.따사룸 키워드,"11,935"
2025.10.13.,쇼핑검색,"02.쇼핑검색 | 퍼즐매트 | 171,470","112,024"
2025.10.14.,쇼핑검색,"03.쇼핑검색 | 유아롤매트 | 213,270","175,637"
2025.10.14.,쇼핑검색,04.따사룸 키워드,"11,638"
2025.10.14.,쇼핑검색,"02.쇼핑검색 | 퍼즐매트 | 171,470","135,707"
2025.10.14.,쇼핑검색,01.쇼핑검색 | 애견매트 | 86620,"7,920"
2025.10.15.,쇼핑검색,"03.쇼핑검색 | 유아롤매트 | 213,270","194,799"
2025.10.15.,쇼핑검색,04.따사룸 키워드,"8,503"
2025.10.15.,쇼핑검색,"02.쇼핑검색 | 퍼즐매트 | 171,470","163,999"
2025.10.15.,쇼핑검색,01.쇼핑검색 | 애견매트 | 86620,"68,475"
2025.10.16.,쇼핑검색,"03.쇼핑검색 | 유아롤매트 | 213,270","223,806"
2025.10.16.,쇼핑검색,04.따사룸 키워드,"11,374"
2025.10.16.,쇼핑검색,"02.쇼핑검색 | 퍼즐매트 | 171,470","157,740"
2025.10.16.,쇼핑검색,01.쇼핑검색 | 애견매트 | 86620,"71,269"
2025.10.17.,쇼핑검색,"03.쇼핑검색 | 유아롤매트 | 213,270","199,793"
2025.10.17.,쇼핑검색,04.따사룸 키워드,"8,778"
2025.10.17.,쇼핑검색,"02.쇼핑검색 | 퍼즐매트 | 171,470","174,625"
2025.10.17.,쇼핑검색,01.쇼핑검색 | 애견매트 | 86620,"57,189"
2025.10.18.,쇼핑검색,"03.쇼핑검색 | 유아롤매트 | 213,270","217,393"
2025.10.18.,쇼핑검색,04.따사룸 키워드,"9,328"
2025.10.18.,쇼핑검색,"02.쇼핑검색 | 퍼즐매트 | 171,470","169,796"
2025.10.18.,쇼핑검색,01.쇼핑검색 | 애견매트 | 86620,"68,332"
2025.10.19.,쇼핑검색,"03.쇼핑검색 | 유아롤매트 | 213,270","197,824"
2025.10.19.,쇼핑검색,04.따사룸 키워드,"10,373"
2025.10.19.,쇼핑검색,"02.쇼핑검색 | 퍼즐매트 | 171,470","178,409"
2025.10.19.,쇼핑검색,01.쇼핑검색 | 애견매트 | 86620,"43,615"
2025.10.20.,쇼핑검색,03.쇼핑검색 | 유아롤매트 | 247500,"224,961"
2025.10.20.,쇼핑검색,04.따사룸 키워드,"10,593"
2025.10.20.,쇼핑검색,02.쇼핑검색 | 퍼즐매트 | 247400,"230,549"
2025.10.20.,쇼핑검색,01.쇼핑검색 | 애견매트 | 105500,"83,017"
2025.10.21.,쇼핑검색,03.쇼핑검색 | 유아롤매트 | 247500,"214,434"
2025.10.21.,쇼핑검색,04.따사룸 키워드,"10,593"
2025.10.21.,쇼핑검색,02.쇼핑검색 | 퍼즐매트 | 247400,"224,147"
2025.10.21.,쇼핑검색,01.쇼핑검색 | 애견매트 | 105500,"88,022"
2025.10.22.,쇼핑검색,03.쇼핑검색 | 유아롤매트 | 272300,"237,501"
2025.10.22.,쇼핑검색,04.따사룸 키워드,"10,351"
2025.10.22.,쇼핑검색,02.쇼핑검색 | 퍼즐매트 | 272500,"263,912"
2025.10.22.,쇼핑검색,01.쇼핑검색 | 애견매트 | 115700,"101,420"
2025.10.23.,쇼핑검색,03.쇼핑검색 | 유아롤매트 | 323400,"308,462"
2025.10.23.,쇼핑검색,04.따사룸 키워드,"6,699"
2025.10.23.,쇼핑검색,02.쇼핑검색 | 퍼즐매트 | 217800,"201,267"
2025.10.23.,쇼핑검색,01.쇼핑검색 | 애견매트 | 115700,"82,654"